id;chemin_fichier;auteur;date_creation;date_derniere_modif;description;jaime;jaimepas;partage
1;mobile Fish;Home Loan Account Table Computer;2019-10-09T12:43:36;2019-10-09T03:05:55;seamless Metal deposit;5641;96990;72199
2;Implementation Electronics Officer;methodology Albania;2019-10-09T03:45:15;2019-10-09T13:34:02;Namibia;39986;13949;4666
3;Coordinator;Common;2019-10-08T19:16:36;2019-10-08T23:16:46;syndicate;98323;59241;46676
4;HDD;Table Small Frozen Sausages Planner;2019-10-08T18:43:09;2019-10-09T04:52:15;Music;23089;68423;24102
5;Bahamian Dollar Investment Account;Games Regional Digitized;2019-10-08T22:13:13;2019-10-08T19:59:32;convergence;20794;54671;56770
6;Industrial;connect Markets Chief;2019-10-08T23:46:16;2019-10-08T20:39:59;archive Georgia Aruba;96117;32533;84453
7;compress South Georgia and the South Sandwich Islands;compelling mission-critical;2019-10-09T01:05:46;2019-10-09T07:29:48;scalable;16526;7455;1563
8;deliverables reinvent 24 hour;overriding;2019-10-08T21:09:22;2019-10-08T21:02:55;1080p Checking Account Identity;65107;11586;91495
9;generating Highway Ergonomic;moratorium moratorium;2019-10-08T20:36:37;2019-10-08T23:55:47;tangible Mississippi;38292;11959;97171
10;synthesizing hard drive Robust;Avon;2019-10-09T01:34:31;2019-10-08T21:03:54;Small partnerships;20171;3142;89576
